[{"model": "admin.logentry", "pk": 1, "fields": {"action_time": "2024-03-20T20:42:42.310Z", "user": 1, "content_type": 8, "object_id": "1", "object_repr": "Malabares", "action_flag": 1, "change_message": "[{\"added\": {}}]"}}, {"model": "admin.logentry", "pk": 2, "fields": {"action_time": "2024-03-20T20:42:53.322Z", "user": 1, "content_type": 9, "object_id": "1", "object_repr": "10000000-PRueba", "action_flag": 1, "change_message": "[{\"added\": {}}]"}}, {"model": "admin.logentry", "pk": 3, "fields": {"action_time": "2024-03-20T20:43:21.025Z", "user": 1, "content_type": 10, "object_id": "1", "object_repr": "10000000-dawd", "action_flag": 1, "change_message": "[{\"added\": {}}]"}}, {"model": "admin.logentry", "pk": 4, "fields": {"action_time": "2024-03-20T22:38:42.037Z", "user": 1, "content_type": 4, "object_id": "4", "object_repr": "V-22000000", "action_flag": 2, "change_message": "[{\"changed\": {\"fields\": [\"User permissions\"]}}]"}}, {"model": "admin.logentry", "pk": 5, "fields": {"action_time": "2024-03-20T23:08:48.197Z", "user": 1, "content_type": 4, "object_id": "3", "object_repr": "V-21000000", "action_flag": 2, "change_message": "[{\"changed\": {\"fields\": [\"User permissions\"]}}]"}}, {"model": "auth.permission", "pk": 1, "fields": {"name": "Can add log entry", "content_type": 1, "codename": "add_logentry"}}, {"model": "auth.permission", "pk": 2, "fields": {"name": "Can change log entry", "content_type": 1, "codename": "change_logentry"}}, {"model": "auth.permission", "pk": 3, "fields": {"name": "Can delete log entry", "content_type": 1, "codename": "delete_logentry"}}, {"model": "auth.permission", "pk": 4, "fields": {"name": "Can view log entry", "content_type": 1, "codename": "view_logentry"}}, {"model": "auth.permission", "pk": 5, "fields": {"name": "Can add permission", "content_type": 2, "codename": "add_permission"}}, {"model": "auth.permission", "pk": 6, "fields": {"name": "Can change permission", "content_type": 2, "codename": "change_permission"}}, {"model": "auth.permission", "pk": 7, "fields": {"name": "Can delete permission", "content_type": 2, "codename": "delete_permission"}}, {"model": "auth.permission", "pk": 8, "fields": {"name": "Can view permission", "content_type": 2, "codename": "view_permission"}}, {"model": "auth.permission", "pk": 9, "fields": {"name": "Can add group", "content_type": 3, "codename": "add_group"}}, {"model": "auth.permission", "pk": 10, "fields": {"name": "Can change group", "content_type": 3, "codename": "change_group"}}, {"model": "auth.permission", "pk": 11, "fields": {"name": "Can delete group", "content_type": 3, "codename": "delete_group"}}, {"model": "auth.permission", "pk": 12, "fields": {"name": "Can view group", "content_type": 3, "codename": "view_group"}}, {"model": "auth.permission", "pk": 13, "fields": {"name": "Can add user", "content_type": 4, "codename": "add_user"}}, {"model": "auth.permission", "pk": 14, "fields": {"name": "Can change user", "content_type": 4, "codename": "change_user"}}, {"model": "auth.permission", "pk": 15, "fields": {"name": "Can delete user", "content_type": 4, "codename": "delete_user"}}, {"model": "auth.permission", "pk": 16, "fields": {"name": "Can view user", "content_type": 4, "codename": "view_user"}}, {"model": "auth.permission", "pk": 17, "fields": {"name": "Can add content type", "content_type": 5, "codename": "add_contenttype"}}, {"model": "auth.permission", "pk": 18, "fields": {"name": "Can change content type", "content_type": 5, "codename": "change_contenttype"}}, {"model": "auth.permission", "pk": 19, "fields": {"name": "Can delete content type", "content_type": 5, "codename": "delete_contenttype"}}, {"model": "auth.permission", "pk": 20, "fields": {"name": "Can view content type", "content_type": 5, "codename": "view_contenttype"}}, {"model": "auth.permission", "pk": 21, "fields": {"name": "Can add session", "content_type": 6, "codename": "add_session"}}, {"model": "auth.permission", "pk": 22, "fields": {"name": "Can change session", "content_type": 6, "codename": "change_session"}}, {"model": "auth.permission", "pk": 23, "fields": {"name": "Can delete session", "content_type": 6, "codename": "delete_session"}}, {"model": "auth.permission", "pk": 24, "fields": {"name": "Can view session", "content_type": 6, "codename": "view_session"}}, {"model": "auth.permission", "pk": 25, "fields": {"name": "Can add Imagen", "content_type": 7, "codename": "add_landingpage"}}, {"model": "auth.permission", "pk": 26, "fields": {"name": "Can change Imagen", "content_type": 7, "codename": "change_landingpage"}}, {"model": "auth.permission", "pk": 27, "fields": {"name": "Can delete Imagen", "content_type": 7, "codename": "delete_landingpage"}}, {"model": "auth.permission", "pk": 28, "fields": {"name": "Can view Imagen", "content_type": 7, "codename": "view_landingpage"}}, {"model": "auth.permission", "pk": 29, "fields": {"name": "Can add Zona", "content_type": 8, "codename": "add_zona"}}, {"model": "auth.permission", "pk": 30, "fields": {"name": "Can change Zona", "content_type": 8, "codename": "change_zona"}}, {"model": "auth.permission", "pk": 31, "fields": {"name": "Can delete Zona", "content_type": 8, "codename": "delete_zona"}}, {"model": "auth.permission", "pk": 32, "fields": {"name": "Can view Zona", "content_type": 8, "codename": "view_zona"}}, {"model": "auth.permission", "pk": 33, "fields": {"name": "Can add perfil", "content_type": 9, "codename": "add_perfil"}}, {"model": "auth.permission", "pk": 34, "fields": {"name": "Can change perfil", "content_type": 9, "codename": "change_perfil"}}, {"model": "auth.permission", "pk": 35, "fields": {"name": "Can delete perfil", "content_type": 9, "codename": "delete_perfil"}}, {"model": "auth.permission", "pk": 36, "fields": {"name": "Can view perfil", "content_type": 9, "codename": "view_perfil"}}, {"model": "auth.permission", "pk": 37, "fields": {"name": "cambiar contraseña a usuarios", "content_type": 9, "codename": "cambiar_password"}}, {"model": "auth.permission", "pk": 38, "fields": {"name": "cambiar estado de usuarios", "content_type": 9, "codename": "cambiar_estado_usuarios"}}, {"model": "auth.permission", "pk": 39, "fields": {"name": "cambiar estatus de jornadas", "content_type": 9, "codename": "cambiar_estado_jornada"}}, {"model": "auth.permission", "pk": 40, "fields": {"name": "cambiar status de solicitudes", "content_type": 9, "codename": "cambiar_estado_solicitudes"}}, {"model": "auth.permission", "pk": 41, "fields": {"name": "Entregar solicitud de medicamentos", "content_type": 9, "codename": "entregar_solicitud_medicamentos"}}, {"model": "auth.permission", "pk": 42, "fields": {"name": "Entregar jornada de medicamentos", "content_type": 9, "codename": "entregar_jornada_medicamentos"}}, {"model": "auth.permission", "pk": 43, "fields": {"name": "Ver inicio", "content_type": 9, "codename": "ver_inicio"}}, {"model": "auth.permission", "pk": 44, "fields": {"name": "Ver mis solicitudes de medicamentos", "content_type": 9, "codename": "ver_mis_solicitudes_de_medicamentos"}}, {"model": "auth.permission", "pk": 45, "fields": {"name": "Ver mis jornadas de medicamentos", "content_type": 9, "codename": "ver_mis_jornada_medicamentos"}}, {"model": "auth.permission", "pk": 46, "fields": {"name": "Registrar mi solicitud de medicamentos", "content_type": 9, "codename": "registrar_mi_solicitud_de_medicamentos"}}, {"model": "auth.permission", "pk": 47, "fields": {"name": "Registrar mi jornada de medicamentos", "content_type": 9, "codename": "registrar_mi_jornada_medicamentos"}}, {"model": "auth.permission", "pk": 48, "fields": {"name": "Can add Beneficiado", "content_type": 10, "codename": "add_beneficiado"}}, {"model": "auth.permission", "pk": 49, "fields": {"name": "Can change Beneficiado", "content_type": 10, "codename": "change_beneficiado"}}, {"model": "auth.permission", "pk": 50, "fields": {"name": "Can delete Beneficiado", "content_type": 10, "codename": "delete_beneficiado"}}, {"model": "auth.permission", "pk": 51, "fields": {"name": "Can view Beneficiado", "content_type": 10, "codename": "view_beneficiado"}}, {"model": "auth.permission", "pk": 52, "fields": {"name": "Can add Ubicación", "content_type": 11, "codename": "add_almacen"}}, {"model": "auth.permission", "pk": 53, "fields": {"name": "Can change Ubicación", "content_type": 11, "codename": "change_almacen"}}, {"model": "auth.permission", "pk": 54, "fields": {"name": "Can delete Ubicación", "content_type": 11, "codename": "delete_almacen"}}, {"model": "auth.permission", "pk": 55, "fields": {"name": "Can view Ubicación", "content_type": 11, "codename": "view_almacen"}}, {"model": "auth.permission", "pk": 56, "fields": {"name": "Can add Laboratorio", "content_type": 12, "codename": "add_laboratorio"}}, {"model": "auth.permission", "pk": 57, "fields": {"name": "Can change Laboratorio", "content_type": 12, "codename": "change_laboratorio"}}, {"model": "auth.permission", "pk": 58, "fields": {"name": "Can delete Laboratorio", "content_type": 12, "codename": "delete_laboratorio"}}, {"model": "auth.permission", "pk": 59, "fields": {"name": "Can view Laboratorio", "content_type": 12, "codename": "view_laboratorio"}}, {"model": "auth.permission", "pk": 60, "fields": {"name": "Can add Tipo de insumo", "content_type": 13, "codename": "add_tipoinsumo"}}, {"model": "auth.permission", "pk": 61, "fields": {"name": "Can change Tipo de insumo", "content_type": 13, "codename": "change_tipoinsumo"}}, {"model": "auth.permission", "pk": 62, "fields": {"name": "Can delete Tipo de insumo", "content_type": 13, "codename": "delete_tipoinsumo"}}, {"model": "auth.permission", "pk": 63, "fields": {"name": "Can view Tipo de insumo", "content_type": 13, "codename": "view_tipoinsumo"}}, {"model": "auth.permission", "pk": 64, "fields": {"name": "Can add Producto", "content_type": 14, "codename": "add_producto"}}, {"model": "auth.permission", "pk": 65, "fields": {"name": "Can change Producto", "content_type": 14, "codename": "change_producto"}}, {"model": "auth.permission", "pk": 66, "fields": {"name": "Can delete Producto", "content_type": 14, "codename": "delete_producto"}}, {"model": "auth.permission", "pk": 67, "fields": {"name": "Can view Producto", "content_type": 14, "codename": "view_producto"}}, {"model": "auth.permission", "pk": 68, "fields": {"name": "Can add Inventario", "content_type": 15, "codename": "add_inventario"}}, {"model": "auth.permission", "pk": 69, "fields": {"name": "Can change Inventario", "content_type": 15, "codename": "change_inventario"}}, {"model": "auth.permission", "pk": 70, "fields": {"name": "Can delete Inventario", "content_type": 15, "codename": "delete_inventario"}}, {"model": "auth.permission", "pk": 71, "fields": {"name": "Can view Inventario", "content_type": 15, "codename": "view_inventario"}}, {"model": "auth.permission", "pk": 72, "fields": {"name": "Can add Tipo de Movimiento", "content_type": 16, "codename": "add_tipomov"}}, {"model": "auth.permission", "pk": 73, "fields": {"name": "Can change Tipo de Movimiento", "content_type": 16, "codename": "change_tipomov"}}, {"model": "auth.permission", "pk": 74, "fields": {"name": "Can delete Tipo de Movimiento", "content_type": 16, "codename": "delete_tipomov"}}, {"model": "auth.permission", "pk": 75, "fields": {"name": "Can view Tipo de Movimiento", "content_type": 16, "codename": "view_tipomov"}}, {"model": "auth.permission", "pk": 76, "fields": {"name": "Can add Solicitud de Medicamento", "content_type": 17, "codename": "add_solicitud"}}, {"model": "auth.permission", "pk": 77, "fields": {"name": "Can change Solicitud de Medicamento", "content_type": 17, "codename": "change_solicitud"}}, {"model": "auth.permission", "pk": 78, "fields": {"name": "Can delete Solicitud de Medicamento", "content_type": 17, "codename": "delete_solicitud"}}, {"model": "auth.permission", "pk": 79, "fields": {"name": "Can view Solicitud de Medicamento", "content_type": 17, "codename": "view_solicitud"}}, {"model": "auth.permission", "pk": 80, "fields": {"name": "Can add Jornada", "content_type": 18, "codename": "add_jornada"}}, {"model": "auth.permission", "pk": 81, "fields": {"name": "Can change Jornada", "content_type": 18, "codename": "change_jornada"}}, {"model": "auth.permission", "pk": 82, "fields": {"name": "Can delete Jornada", "content_type": 18, "codename": "delete_jornada"}}, {"model": "auth.permission", "pk": 83, "fields": {"name": "Can view Jornada", "content_type": 18, "codename": "view_jornada"}}, {"model": "auth.permission", "pk": 84, "fields": {"name": "Can add Ingreso", "content_type": 19, "codename": "add_ingreso"}}, {"model": "auth.permission", "pk": 85, "fields": {"name": "Can change Ingreso", "content_type": 19, "codename": "change_ingreso"}}, {"model": "auth.permission", "pk": 86, "fields": {"name": "Can delete Ingreso", "content_type": 19, "codename": "delete_ingreso"}}, {"model": "auth.permission", "pk": 87, "fields": {"name": "Can view Ingreso", "content_type": 19, "codename": "view_ingreso"}}, {"model": "auth.permission", "pk": 88, "fields": {"name": "Can add Movimiento de Inventario", "content_type": 20, "codename": "add_historial"}}, {"model": "auth.permission", "pk": 89, "fields": {"name": "Can change Movimiento de Inventario", "content_type": 20, "codename": "change_historial"}}, {"model": "auth.permission", "pk": 90, "fields": {"name": "Can delete Movimiento de Inventario", "content_type": 20, "codename": "delete_historial"}}, {"model": "auth.permission", "pk": 91, "fields": {"name": "Can view Movimiento de Inventario", "content_type": 20, "codename": "view_historial"}}, {"model": "auth.permission", "pk": 92, "fields": {"name": "Can add Detalle de Jornada", "content_type": 21, "codename": "add_detallejornada"}}, {"model": "auth.permission", "pk": 93, "fields": {"name": "Can change Detalle de Jornada", "content_type": 21, "codename": "change_detallejornada"}}, {"model": "auth.permission", "pk": 94, "fields": {"name": "Can delete Detalle de Jornada", "content_type": 21, "codename": "delete_detallejornada"}}, {"model": "auth.permission", "pk": 95, "fields": {"name": "Can view Detalle de Jornada", "content_type": 21, "codename": "view_detallejornada"}}, {"model": "auth.permission", "pk": 96, "fields": {"name": "Can add Detalle de ingreso", "content_type": 22, "codename": "add_detalleingreso"}}, {"model": "auth.permission", "pk": 97, "fields": {"name": "Can change Detalle de ingreso", "content_type": 22, "codename": "change_detalleingreso"}}, {"model": "auth.permission", "pk": 98, "fields": {"name": "Can delete Detalle de ingreso", "content_type": 22, "codename": "delete_detalleingreso"}}, {"model": "auth.permission", "pk": 99, "fields": {"name": "Can view Detalle de ingreso", "content_type": 22, "codename": "view_detalleingreso"}}, {"model": "auth.permission", "pk": 100, "fields": {"name": "Can add Detalle de solicitud", "content_type": 23, "codename": "add_detallesolicitud"}}, {"model": "auth.permission", "pk": 101, "fields": {"name": "Can change Detalle de solicitud", "content_type": 23, "codename": "change_detallesolicitud"}}, {"model": "auth.permission", "pk": 102, "fields": {"name": "Can delete Detalle de solicitud", "content_type": 23, "codename": "delete_detallesolicitud"}}, {"model": "auth.permission", "pk": 103, "fields": {"name": "Can view Detalle de solicitud", "content_type": 23, "codename": "view_detallesolicitud"}}, {"model": "auth.user", "pk": 1, "fields": {"password": "pbkdf2_sha256$600000$Mi6uDj1tWC1kgg4njPczOb$EhzL3Qf/d5eZ1xO7LSklFLHlkjNQXJtHNHpQ2uM7vSo=", "last_login": "2024-03-20T21:43:16.336Z", "is_superuser": true, "username": "V-10000000", "first_name": "", "last_name": "", "email": "correo@gmail.com", "is_staff": true, "is_active": true, "date_joined": "2024-03-20T20:41:08.066Z", "groups": [], "user_permissions": []}}, {"model": "auth.user", "pk": 2, "fields": {"password": "pbkdf2_sha256$600000$eMFQ8oPvWumMNaHxw8HI6A$hqyc3hBJa+M0TaFLYIHr3XK1+8qI0Yv9dYXrBboN37M=", "last_login": "2024-03-20T23:17:55.801Z", "is_superuser": false, "username": "V-20000000", "first_name": "Harvey", "last_name": "Harvey", "email": "harvey222@gmail.com", "is_staff": false, "is_active": true, "date_joined": "2024-03-20T21:02:20.244Z", "groups": [], "user_permissions": [6, 13, 14, 16, 48, 49, 51, 25, 26, 27, 28, 33, 39, 40, 38, 37, 34, 47, 46, 43, 45, 44, 36, 29, 30, 32, 52, 53, 55, 68, 69, 71, 56, 57, 59, 64, 65, 67, 60, 61, 63, 96, 97, 99, 92, 93, 95, 100, 101, 103, 88, 89, 91, 84, 85, 87, 80, 81, 83, 76, 77, 79, 72, 73, 75]}}, {"model": "auth.user", "pk": 3, "fields": {"password": "pbkdf2_sha256$600000$4xx5mDK5mQBSAEwcZvJK21$akzwpSSPj5E1ovNT47zwyuBIsW/tNJAHTTOypdUa1cw=", "last_login": "2024-03-20T23:11:53.490Z", "is_superuser": false, "username": "V-21000000", "first_name": "Donna", "last_name": "Paulsen", "email": "donnapaulsen@correo.com", "is_staff": false, "is_active": true, "date_joined": "2024-03-20T21:10:32Z", "groups": [], "user_permissions": [39, 40, 47, 46, 43, 45, 44, 29, 30, 32, 52, 53, 55, 68, 69, 71, 56, 57, 59, 64, 65, 67, 60, 61, 63, 96, 97, 99, 92, 93, 95, 100, 101, 103, 88, 89, 91, 84, 85, 87, 80, 81, 83, 77, 79, 72, 73, 75]}}, {"model": "auth.user", "pk": 4, "fields": {"password": "pbkdf2_sha256$600000$HywpE2SWjERHsoK2TW3s6W$4ShopP91TFRGYhAt9ju+oBdd0UAiJzmMJc93bjEeY0A=", "last_login": "2024-03-20T23:16:00.390Z", "is_superuser": false, "username": "V-22000000", "first_name": "Rachel", "last_name": "Zane", "email": "rachezane2@correo.com", "is_staff": false, "is_active": true, "date_joined": "2024-03-20T21:12:54Z", "groups": [], "user_permissions": [13, 14, 16, 48, 49, 51, 33, 39, 40, 37, 34, 42, 41, 47, 46, 43, 45, 44, 36, 83, 76, 79]}}, {"model": "auth.user", "pk": 5, "fields": {"password": "pbkdf2_sha256$600000$YfNWqhLrCZ6YIc1wteO1YB$a2NcBlZgPNKD3z8aUxBau6mKZ/NVOAlBWNOcVzAbLF0=", "last_login": "2024-03-20T21:52:43.767Z", "is_superuser": false, "username": "V-23000000", "first_name": "Louis", "last_name": "Litt", "email": "louislitt@correo.com", "is_staff": false, "is_active": true, "date_joined": "2024-03-20T21:14:19.082Z", "groups": [], "user_permissions": [47, 46, 43, 45, 44]}}, {"model": "auth.user", "pk": 6, "fields": {"password": "pbkdf2_sha256$600000$XcJMsZMuapIJTQg4xKe55I$Lv7nnqyYV/WseOkeO0CW3t2YU6INLq5mWd84a71Xf8U=", "last_login": "2024-03-20T21:54:13.862Z", "is_superuser": false, "username": "V-24000000", "first_name": "Jessica", "last_name": "Pearson", "email": "jessicapearson@correo.com", "is_staff": false, "is_active": true, "date_joined": "2024-03-20T21:16:04.717Z", "groups": [], "user_permissions": [46, 43, 44]}}, {"model": "auth.user", "pk": 7, "fields": {"password": "pbkdf2_sha256$600000$D1iijgZf8N1lY9s9AZRQ7L$3ASGWvFhp+dYQ9i++Pa+cy9zujCJLEsM7v09XKA/P8w=", "last_login": null, "is_superuser": false, "username": "V-24666666", "first_name": "", "last_name": "", "email": "dextre848@gmail.com", "is_staff": false, "is_active": true, "date_joined": "2024-03-20T22:41:10.501Z", "groups": [], "user_permissions": [46, 43, 44]}}, {"model": "contenttypes.contenttype", "pk": 1, "fields": {"app_label": "admin", "model": "logentry"}}, {"model": "contenttypes.contenttype", "pk": 2, "fields": {"app_label": "auth", "model": "permission"}}, {"model": "contenttypes.contenttype", "pk": 3, "fields": {"app_label": "auth", "model": "group"}}, {"model": "contenttypes.contenttype", "pk": 4, "fields": {"app_label": "auth", "model": "user"}}, {"model": "contenttypes.contenttype", "pk": 5, "fields": {"app_label": "contenttypes", "model": "contenttype"}}, {"model": "contenttypes.contenttype", "pk": 6, "fields": {"app_label": "sessions", "model": "session"}}, {"model": "contenttypes.contenttype", "pk": 7, "fields": {"app_label": "entidades", "model": "landingpage"}}, {"model": "contenttypes.contenttype", "pk": 8, "fields": {"app_label": "entidades", "model": "zona"}}, {"model": "contenttypes.contenttype", "pk": 9, "fields": {"app_label": "entidades", "model": "perfil"}}, {"model": "contenttypes.contenttype", "pk": 10, "fields": {"app_label": "entidades", "model": "beneficiado"}}, {"model": "contenttypes.contenttype", "pk": 11, "fields": {"app_label": "inventario", "model": "almacen"}}, {"model": "contenttypes.contenttype", "pk": 12, "fields": {"app_label": "inventario", "model": "laboratorio"}}, {"model": "contenttypes.contenttype", "pk": 13, "fields": {"app_label": "inventario", "model": "tipoinsumo"}}, {"model": "contenttypes.contenttype", "pk": 14, "fields": {"app_label": "inventario", "model": "producto"}}, {"model": "contenttypes.contenttype", "pk": 15, "fields": {"app_label": "inventario", "model": "inventario"}}, {"model": "contenttypes.contenttype", "pk": 16, "fields": {"app_label": "movimientos", "model": "tipomov"}}, {"model": "contenttypes.contenttype", "pk": 17, "fields": {"app_label": "movimientos", "model": "solicitud"}}, {"model": "contenttypes.contenttype", "pk": 18, "fields": {"app_label": "movimientos", "model": "jornada"}}, {"model": "contenttypes.contenttype", "pk": 19, "fields": {"app_label": "movimientos", "model": "ingreso"}}, {"model": "contenttypes.contenttype", "pk": 20, "fields": {"app_label": "movimientos", "model": "historial"}}, {"model": "contenttypes.contenttype", "pk": 21, "fields": {"app_label": "movimientos", "model": "detallejornada"}}, {"model": "contenttypes.contenttype", "pk": 22, "fields": {"app_label": "movimientos", "model": "detalleingreso"}}, {"model": "contenttypes.contenttype", "pk": 23, "fields": {"app_label": "movimientos", "model": "detallesolicitud"}}, {"model": "sessions.session", "pk": "e101shh8gfunghid0cbux9o971sdvpw4", "fields": {"session_data": ".eJxVjMsOwiAQRf-FtSFQebp0328gA8NI1UBS2pXx35WkC13ee07OiwXYtxL2ntewILswyU6_X4T0yHUAvEO9NZ5a3dYl8qHwg3Y-N8zP6-H-BQr0MrJnl4HACEUi2SylMZbipAmS-g4ip4VSTmsXrfFoBHnMfnLSIxqJgr0_3J43hA:1rn38s:6Jc1GFfhepO72RdKj2eYH-18c53c8WLaqejdz59LYZ4", "expire_date": "2024-04-03T21:06:34.629Z"}}, {"model": "sessions.session", "pk": "n14f9b8x3h404x0e2qxpa13jra8higcd", "fields": {"session_data": ".eJxVjDsOwyAQBe9CHSHAfEzK9D4DWtglOIlAMnYV5e6xJRdJ-2bmvVmAbS1h67SEGdmVKXb53SKkJ9UD4APqvfHU6rrMkR8KP2nnU0N63U7376BAL3styOAgMqAlZeQg3RDjmLL3TnhnpQYyKguQBGBBAYLatRRHIzUKozT7fAHj2Tev:1rn3fw:hDWlJEnsr7rl6hdZKWK5OkAFy6pW2ykxGjiCQZzxJOI", "expire_date": "2024-04-03T21:40:44.394Z"}}, {"model": "sessions.session", "pk": "nhc0gug254ku593ecrswtiwv7vsgcetc", "fields": {"session_data": ".eJxVjMsOwiAUBf-FtSEEKAWX7v2G5r6QqoGkj1XjvxuSLnR7ZuYcaoJ9K9O-yjLNrK7KqcvvhkAvqR3wE-qjaWp1W2bUXdEnXfW9sbxvp_t3UGAtvY7gksEhMzoIlCI6Rp-MSRicGcBan4XtiIBCHNhQIhSJXjJaGUl9vghGOXs:1rn569:Dgh_VaB6Uuf5KP5VyggLpeptDYrmLhQDRCC5zkZv9PE", "expire_date": "2024-04-03T23:11:53.537Z"}}, {"model": "sessions.session", "pk": "qetookjs9pb17hjmaj0mdwkhnk5nonf9", "fields": {"session_data": ".eJxVjMsOwiAQRf-FtSFQebp0328gA8NI1UBS2pXx35WkC13ee07OiwXYtxL2ntewILswyU6_X4T0yHUAvEO9NZ5a3dYl8qHwg3Y-N8zP6-H-BQr0MrJnl4HACEUi2SylMZbipAmS-g4ip4VSTmsXrfFoBHnMfnLSIxqJgr0_3J43hA:1rn38s:6Jc1GFfhepO72RdKj2eYH-18c53c8WLaqejdz59LYZ4", "expire_date": "2024-04-03T21:06:34.292Z"}}, {"model": "sessions.session", "pk": "sy5t61q4uvwww98xek4il7v1y01s1iba", "fields": {"session_data": ".eJxVjDsOwyAQBe9CHSHAfEzK9D4DWtglOIlAMnYV5e6xJRdJ-2bmvVmAbS1h67SEGdmVKXb53SKkJ9UD4APqvfHU6rrMkR8KP2nnU0N63U7376BAL3styOAgMqAlZeQg3RDjmLL3TnhnpQYyKguQBGBBAYLatRRHIzUKozT7fAHj2Tev:1rn5Bz:edalOEk9ih-jpDHitS-UAMPKU1GEL3qlEKRlyR0Zekk", "expire_date": "2024-04-03T23:17:55.846Z"}}, {"model": "entidades.zona", "pk": 1, "fields": {"zona_residencia": "Barrio Los Malabares."}}, {"model": "entidades.zona", "pk": 2, "fields": {"zona_residencia": "La Peñita"}}, {"model": "entidades.zona", "pk": 3, "fields": {"zona_residencia": "Barrio Libertador"}}, {"model": "entidades.zona", "pk": 4, "fields": {"zona_residencia": "Urb. Los Malabares"}}, {"model": "entidades.perfil", "pk": 1, "fields": {"nacionalidad": "V-", "cedula": "10000000", "nombres": "PRueba", "apellidos": "dawdw", "telefono": "04126336666", "genero": "MA", "f_nacimiento": "2001-01-20", "embarazada": false, "c_residencia": "constancias_residencias/Tarjetas_De_Presentacion_Dentista_lVnH2b3.jpg", "zona": 1, "direccion": "Mínimo 77\r\nBarrio Jardin", "rol": "AD", "usuario": 1}}, {"model": "entidades.perfil", "pk": 2, "fields": {"nacionalidad": "V-", "cedula": "20000000", "nombres": "Harvey", "apellidos": "Harvey", "telefono": "04142682323", "genero": "MA", "f_nacimiento": "1998-10-05", "embarazada": true, "c_residencia": "constancias_residencias/Tarjetas_De_Presentacion_Dentista_T3WaORQ.jpg", "zona": 1, "direccion": "Mínimo 77\r\nBarrio Jardin", "rol": "AD", "usuario": 2}}, {"model": "entidades.perfil", "pk": 3, "fields": {"nacionalidad": "V-", "cedula": "21000000", "nombres": "Donna", "apellidos": "Paulsen", "telefono": "04126665525", "genero": "FE", "f_nacimiento": "1999-08-05", "embarazada": false, "c_residencia": "constancias_residencias/Tarjetas_De_Presentacion_Dentista_w6fZvMz.jpg", "zona": 1, "direccion": "Mínimo 77\r\nBarrio Jardin", "rol": "AL", "usuario": 3}}, {"model": "entidades.perfil", "pk": 4, "fields": {"nacionalidad": "V-", "cedula": "22000000", "nombres": "Rachel", "apellidos": "Zane", "telefono": "04247896522", "genero": "FE", "f_nacimiento": "2000-08-16", "embarazada": false, "c_residencia": "constancias_residencias/Tarjetas_De_Presentacion_Dentista_33OvCoF.jpg", "zona": 1, "direccion": "Mínimo 77\r\nBarrio Jardin", "rol": "AT", "usuario": 4}}, {"model": "entidades.perfil", "pk": 5, "fields": {"nacionalidad": "V-", "cedula": "23000000", "nombres": "Louis", "apellidos": "Litt", "telefono": "04166666923", "genero": "MA", "f_nacimiento": "1998-12-20", "embarazada": true, "c_residencia": "constancias_residencias/Tarjetas_De_Presentacion_Dentista_zU518mL.jpg", "zona": 1, "direccion": "Mínimo 77\r\nBarrio Jardin", "rol": "JC", "usuario": 5}}, {"model": "entidades.perfil", "pk": 6, "fields": {"nacionalidad": "V-", "cedula": "24000000", "nombres": "Jessica", "apellidos": "Pearson", "telefono": "04247896662", "genero": "FE", "f_nacimiento": "1980-05-08", "embarazada": true, "c_residencia": "constancias_residencias/Tarjetas_De_Presentacion_Dentista_Dy7iM2T.jpg", "zona": 1, "direccion": "Mínimo 77\r\nBarrio Jardin", "rol": "PA", "usuario": 6}}, {"model": "entidades.perfil", "pk": 7, "fields": {"nacionalidad": "V-", "cedula": "24666666", "nombres": "Stuart", "apellidos": "Goblin", "telefono": "04122355556", "genero": "MA", "f_nacimiento": "1996-06-16", "embarazada": false, "c_residencia": "constancias_residencias/Tarjetas_De_Presentacion_Dentista_6hseBlk.jpg", "zona": 2, "direccion": "Mínimo 77\r\nBarrio Jardin", "rol": "PA", "usuario": 7}}, {"model": "entidades.beneficiado", "pk": 1, "fields": {"nacionalidad": "V-", "cedula": "10000000", "nombres": "dawd", "apellidos": "dwdwa", "telefono": "04126336666", "genero": "MA", "f_nacimiento": "2001-01-20", "embarazada": false, "c_residencia": "constancias_residencias/Tarjetas_De_Presentacion_Dentista_jjlGIO0.jpg", "zona": 1, "direccion": "Mínimo 77\r\nBarrio Jardin", "perfil": 1}}, {"model": "entidades.beneficiado", "pk": 2, "fields": {"nacionalidad": "V-", "cedula": "20000000", "nombres": "Harvey", "apellidos": "Harvey", "telefono": "04142682323", "genero": "MA", "f_nacimiento": "1998-10-05", "embarazada": false, "c_residencia": "constancias_residencias/Tarjetas_De_Presentacion_Dentista_RsRgGQe.jpg", "zona": 1, "direccion": "Mínimo 77\r\nBarrio Jardin", "perfil": 2}}, {"model": "entidades.beneficiado", "pk": 3, "fields": {"nacionalidad": "V-", "cedula": "21000000", "nombres": "Donna", "apellidos": "Paulsen", "telefono": "04126665525", "genero": "FE", "f_nacimiento": "1999-08-05", "embarazada": false, "c_residencia": "constancias_residencias/Tarjetas_De_Presentacion_Dentista_DwTVNvG.jpg", "zona": 1, "direccion": "Mínimo 77\r\nBarrio Jardin", "perfil": 3}}, {"model": "entidades.beneficiado", "pk": 4, "fields": {"nacionalidad": "V-", "cedula": "22000000", "nombres": "Rachel", "apellidos": "Zane", "telefono": "04247896522", "genero": "FE", "f_nacimiento": "2000-08-16", "embarazada": false, "c_residencia": "constancias_residencias/Tarjetas_De_Presentacion_Dentista_Zk5MMsW.jpg", "zona": 1, "direccion": "Mínimo 77\r\nBarrio Jardin", "perfil": 4}}, {"model": "entidades.beneficiado", "pk": 5, "fields": {"nacionalidad": "V-", "cedula": "23000000", "nombres": "Louis", "apellidos": "Litt", "telefono": "04166666923", "genero": "MA", "f_nacimiento": "1998-12-20", "embarazada": false, "c_residencia": "constancias_residencias/Tarjetas_De_Presentacion_Dentista_jxVnqeK.jpg", "zona": 1, "direccion": "Mínimo 77\r\nBarrio Jardin", "perfil": 5}}, {"model": "entidades.beneficiado", "pk": 6, "fields": {"nacionalidad": "V-", "cedula": "24000000", "nombres": "Jessica", "apellidos": "Pearson", "telefono": "04247896662", "genero": "FE", "f_nacimiento": "1980-05-08", "embarazada": true, "c_residencia": "constancias_residencias/Tarjetas_De_Presentacion_Dentista_BcTUI0r.jpg", "zona": 1, "direccion": "Mínimo 77\r\nBarrio Jardin", "perfil": 6}}, {"model": "entidades.beneficiado", "pk": 7, "fields": {"nacionalidad": "V-", "cedula": "35663225", "nombres": "Rodolfo", "apellidos": "Pearson", "telefono": "04165566885", "genero": "MA", "f_nacimiento": "2009-05-10", "embarazada": false, "c_residencia": "", "zona": 2, "direccion": "Mínimo 77\r\nBarrio Jardin", "perfil": 6}}, {"model": "entidades.beneficiado", "pk": 8, "fields": {"nacionalidad": "V-", "cedula": "24666666", "nombres": "Stuart", "apellidos": "Goblin", "telefono": "04122355556", "genero": "MA", "f_nacimiento": "1996-06-16", "embarazada": false, "c_residencia": "constancias_residencias/Tarjetas_De_Presentacion_Dentista_GXjG8w7.jpg", "zona": 2, "direccion": "Mínimo 77\r\nBarrio Jardin", "perfil": 7}}, {"model": "entidades.beneficiado", "pk": 9, "fields": {"nacionalidad": "V-", "cedula": "28000111", "nombres": "Denise", "apellidos": "Alberin", "telefono": "04266925545", "genero": "FE", "f_nacimiento": "2001-12-11", "embarazada": false, "c_residencia": "", "zona": 3, "direccion": "calle principal, casa 23", "perfil": 7}}, {"model": "entidades.landingpage", "pk": 1, "fields": {"imagen1": "", "imagen2": "", "imagen3": "", "imagen4": "", "imagen5": "", "texto1": null}}, {"model": "inventario.almacen", "pk": 1, "fields": {"nombre": "ESTANTE 1"}}, {"model": "inventario.almacen", "pk": 2, "fields": {"nombre": "ESTANTE 2"}}, {"model": "inventario.tipoinsumo", "pk": 1, "fields": {"nombre": "TABLETAS"}}, {"model": "inventario.laboratorio", "pk": 1, "fields": {"nombre": "LABORATORIO 1"}}, {"model": "inventario.laboratorio", "pk": 2, "fields": {"nombre": "LABORATORIO 2"}}, {"model": "inventario.laboratorio", "pk": 3, "fields": {"nombre": "LABORATORIO 3"}}, {"model": "inventario.producto", "pk": 1, "fields": {"nombre": "IBUPROFENO", "almacen": 1, "tipo_insumo": 1, "laboratorio": 1, "if_expire_date": "SI", "stock_minimo": 10, "total_stock": 7}}, {"model": "inventario.producto", "pk": 2, "fields": {"nombre": "CETIRIZINA", "almacen": 2, "tipo_insumo": 1, "laboratorio": 2, "if_expire_date": "SI", "stock_minimo": 5, "total_stock": 7}}, {"model": "inventario.inventario", "pk": 1, "fields": {"lote": "LOTE-001", "f_vencimiento": "2024-12-01", "stock": 7, "producto": 2}}, {"model": "inventario.inventario", "pk": 2, "fields": {"lote": "LOTE-002", "f_vencimiento": "2024-12-02", "stock": 7, "producto": 1}}, {"model": "movimientos.solicitud", "pk": 1, "fields": {"fecha_soli": "2024-03-20", "perfil": 6, "beneficiado": 7, "descripcion": "texto", "recipe": "recipes/Tarjetas_De_Presentacion_Dentista_OnDsWb1.jpg", "proceso_actual": "AT", "estado": "EE", "tipo_solicitud": "ON"}}, {"model": "movimientos.solicitud", "pk": 2, "fields": {"fecha_soli": "2024-03-20", "perfil": 6, "beneficiado": 6, "descripcion": "texto descriptivo", "recipe": "recipes/Tarjetas_De_Presentacion_Dentista_isFD6so.jpg", "proceso_actual": "AT", "estado": "ET", "tipo_solicitud": "ON"}}, {"model": "movimientos.solicitud", "pk": 3, "fields": {"fecha_soli": "2024-03-20", "perfil": 7, "beneficiado": 9, "descripcion": "texto", "recipe": "recipes/Tarjetas_De_Presentacion_Dentista_lXVHM6g.jpg", "proceso_actual": "AT", "estado": "EE", "tipo_solicitud": "PR"}}, {"model": "movimientos.solicitud", "pk": 4, "fields": {"fecha_soli": "2024-03-20", "perfil": 4, "beneficiado": 4, "descripcion": "texto", "recipe": "recipes/Tarjetas_De_Presentacion_Dentista_iHBQAxD.jpg", "proceso_actual": "AT", "estado": "RE", "tipo_solicitud": "ON"}}, {"model": "movimientos.detallesolicitud", "pk": 5, "fields": {"solicitud": 2, "producto": 1, "cant_solicitada": 1, "cant_entregada": 1, "inventario": [2]}}, {"model": "movimientos.detallesolicitud", "pk": 6, "fields": {"solicitud": 1, "producto": 2, "cant_solicitada": 1, "cant_entregada": 1, "inventario": [1]}}, {"model": "movimientos.detallesolicitud", "pk": 11, "fields": {"solicitud": 3, "producto": 2, "cant_solicitada": 2, "cant_entregada": 2, "inventario": [1]}}, {"model": "movimientos.detallesolicitud", "pk": 12, "fields": {"solicitud": 3, "producto": 1, "cant_solicitada": 2, "cant_entregada": 2, "inventario": [2]}}, {"model": "movimientos.detallesolicitud", "pk": 14, "fields": {"solicitud": 4, "producto": 2, "cant_solicitada": 2, "cant_entregada": 0, "inventario": []}}, {"model": "movimientos.tipomov", "pk": 1, "fields": {"nombre": "DONACION", "operacion": "+"}}, {"model": "movimientos.tipomov", "pk": 2, "fields": {"nombre": "SOLICITUD DE MEDICAMENTO", "operacion": "-"}}, {"model": "movimientos.historial", "pk": 1, "fields": {"fecha_mov": "2024-03-20", "tipo_mov": 1, "empleado": 3, "producto": 1, "cantidad": 10}}, {"model": "movimientos.historial", "pk": 2, "fields": {"fecha_mov": "2024-03-20", "tipo_mov": 1, "empleado": 3, "producto": 2, "cantidad": 10}}, {"model": "movimientos.historial", "pk": 3, "fields": {"fecha_mov": "2024-03-20", "tipo_mov": 2, "empleado": 3, "producto": 2, "cantidad": 1}}, {"model": "movimientos.historial", "pk": 4, "fields": {"fecha_mov": "2024-03-20", "tipo_mov": 2, "empleado": 3, "producto": 1, "cantidad": 1}}, {"model": "movimientos.historial", "pk": 5, "fields": {"fecha_mov": "2024-03-20", "tipo_mov": 2, "empleado": 3, "producto": 1, "cantidad": 2}}, {"model": "movimientos.historial", "pk": 6, "fields": {"fecha_mov": "2024-03-20", "tipo_mov": 2, "empleado": 3, "producto": 2, "cantidad": 2}}, {"model": "movimientos.ingreso", "pk": 1, "fields": {"fecha": "2024-03-20", "descripcion": "texto", "tipo_ingreso": 1}}, {"model": "movimientos.detalleingreso", "pk": 1, "fields": {"ingreso": 1, "inventario": 1, "cantidad": 10, "lote": "LOTE-001", "f_vencimiento": "2024-12-01"}}, {"model": "movimientos.detalleingreso", "pk": 2, "fields": {"ingreso": 1, "inventario": 2, "cantidad": 10, "lote": "LOTE-002", "f_vencimiento": "2024-12-02"}}]